--
-- PostgreSQL database dump
--

SET statement_timeout = 0;
SET client_encoding = 'UTF8';
SET standard_conforming_strings = on;
SET check_function_bodies = false;
SET client_min_messages = warning;

SET search_path = system, pg_catalog;

--
-- Data for Name: appgroup; Type: TABLE DATA; Schema: system; Owner: postgres
--

SET SESSION AUTHORIZATION DEFAULT;

ALTER TABLE appgroup DISABLE TRIGGER ALL;

INSERT INTO appgroup (id, name, description) VALUES ('super-group-id', 'Super group', 'This is a group of users that has right in anything. It is used in developement. In production must be removed.');
INSERT INTO appgroup (id, name, description) VALUES ('dc14b732-b9c9-48fd-b6c9-af913f7ad4e5', 'Public', 'Group for public users');
INSERT INTO appgroup (id, name, description) VALUES ('dfbf675a-b449-43b5-9392-d624c0b3618d', 'Staff', 'Group representing Staff');


ALTER TABLE appgroup ENABLE TRIGGER ALL;

--
-- Data for Name: approle_appgroup; Type: TABLE DATA; Schema: system; Owner: postgres
--

ALTER TABLE approle_appgroup DISABLE TRIGGER ALL;

INSERT INTO approle_appgroup (approle_code, appgroup_id, rowidentifier, rowversion, change_action, change_user, change_time) VALUES ('ApplnEdit', 'super-group-id', 'be35b284-99dd-11e3-8e17-1b1ace45a197', 1, 'i', 'db:postgres', '2014-02-20 16:19:00.912');
INSERT INTO approle_appgroup (approle_code, appgroup_id, rowidentifier, rowversion, change_action, change_user, change_time) VALUES ('SourceSave', 'super-group-id', 'be37ae5e-99dd-11e3-ab3e-0fdfb55fc8f9', 1, 'i', 'db:postgres', '2014-02-20 16:19:00.912');
INSERT INTO approle_appgroup (approle_code, appgroup_id, rowidentifier, rowversion, change_action, change_user, change_time) VALUES ('RHSave', 'super-group-id', 'be37fc7e-99dd-11e3-9f1f-3b8feb1de6e3', 1, 'i', 'db:postgres', '2014-02-20 16:19:00.912');
INSERT INTO approle_appgroup (approle_code, appgroup_id, rowidentifier, rowversion, change_action, change_user, change_time) VALUES ('BaunitSave', 'super-group-id', 'be384a9e-99dd-11e3-ab5c-5bc965cc7e7a', 1, 'i', 'db:postgres', '2014-02-20 16:19:00.912');
INSERT INTO approle_appgroup (approle_code, appgroup_id, rowidentifier, rowversion, change_action, change_user, change_time) VALUES ('newDigitalTitle', 'super-group-id', 'be3871ae-99dd-11e3-81f3-03c2ac371b43', 1, 'i', 'db:postgres', '2014-02-20 16:19:00.912');
INSERT INTO approle_appgroup (approle_code, appgroup_id, rowidentifier, rowversion, change_action, change_user, change_time) VALUES ('ApplnView', 'super-group-id', 'be38bfce-99dd-11e3-83a5-cf3409079481', 1, 'i', 'db:postgres', '2014-02-20 16:19:00.912');
INSERT INTO approle_appgroup (approle_code, appgroup_id, rowidentifier, rowversion, change_action, change_user, change_time) VALUES ('ApplnUnassignOthers', 'super-group-id', 'be38e6de-99dd-11e3-95bd-9770ac5860df', 1, 'i', 'db:postgres', '2014-02-20 16:19:00.912');
INSERT INTO approle_appgroup (approle_code, appgroup_id, rowidentifier, rowversion, change_action, change_user, change_time) VALUES ('ApplnDispatch', 'super-group-id', 'be390dee-99dd-11e3-8363-2be6343e5ee2', 1, 'i', 'db:postgres', '2014-02-20 16:19:00.912');
INSERT INTO approle_appgroup (approle_code, appgroup_id, rowidentifier, rowversion, change_action, change_user, change_time) VALUES ('SourceSearch', 'super-group-id', 'be3934fe-99dd-11e3-81e6-ff925fc58f63', 1, 'i', 'db:postgres', '2014-02-20 16:19:00.912');
INSERT INTO approle_appgroup (approle_code, appgroup_id, rowidentifier, rowversion, change_action, change_user, change_time) VALUES ('ParcelSave', 'super-group-id', 'be395c0e-99dd-11e3-95ce-0f471bdd1a3c', 1, 'i', 'db:postgres', '2014-02-20 16:19:00.912');
INSERT INTO approle_appgroup (approle_code, appgroup_id, rowidentifier, rowversion, change_action, change_user, change_time) VALUES ('PartySave', 'super-group-id', 'be398328-99dd-11e3-ba89-739b74f32793', 1, 'i', 'db:postgres', '2014-02-20 16:19:00.912');
INSERT INTO approle_appgroup (approle_code, appgroup_id, rowidentifier, rowversion, change_action, change_user, change_time) VALUES ('cadastrePrint', 'super-group-id', 'be39aa38-99dd-11e3-9048-371578945fa5', 1, 'i', 'db:postgres', '2014-02-20 16:19:00.912');
INSERT INTO approle_appgroup (approle_code, appgroup_id, rowidentifier, rowversion, change_action, change_user, change_time) VALUES ('newOwnership', 'super-group-id', 'be39d148-99dd-11e3-97f9-d7ceb07710ef', 1, 'i', 'db:postgres', '2014-02-20 16:19:00.912');
INSERT INTO approle_appgroup (approle_code, appgroup_id, rowidentifier, rowversion, change_action, change_user, change_time) VALUES ('documentCopy', 'super-group-id', 'be39d148-99dd-11e3-8579-e3b27f46e726', 1, 'i', 'db:postgres', '2014-02-20 16:19:00.912');
INSERT INTO approle_appgroup (approle_code, appgroup_id, rowidentifier, rowversion, change_action, change_user, change_time) VALUES ('varyLease', 'super-group-id', 'be39f858-99dd-11e3-a111-ef4dca888f7e', 1, 'i', 'db:postgres', '2014-02-20 16:19:00.912');
INSERT INTO approle_appgroup (approle_code, appgroup_id, rowidentifier, rowversion, change_action, change_user, change_time) VALUES ('RightsExport', 'super-group-id', 'be3a1f68-99dd-11e3-96c8-6bb4cf2d8e4c', 1, 'i', 'db:postgres', '2014-02-20 16:19:00.912');
INSERT INTO approle_appgroup (approle_code, appgroup_id, rowidentifier, rowversion, change_action, change_user, change_time) VALUES ('ApplnUnassignSelf', 'super-group-id', 'be3a4678-99dd-11e3-abb5-d7c1555810bb', 1, 'i', 'db:postgres', '2014-02-20 16:19:00.912');
INSERT INTO approle_appgroup (approle_code, appgroup_id, rowidentifier, rowversion, change_action, change_user, change_time) VALUES ('SourcePrint', 'super-group-id', 'be3a6d88-99dd-11e3-a714-9348875b49ba', 1, 'i', 'db:postgres', '2014-02-20 16:19:00.912');
INSERT INTO approle_appgroup (approle_code, appgroup_id, rowidentifier, rowversion, change_action, change_user, change_time) VALUES ('ExportMap', 'super-group-id', 'be3a9498-99dd-11e3-be27-277f11e0107e', 1, 'i', 'db:postgres', '2014-02-20 16:19:00.912');
INSERT INTO approle_appgroup (approle_code, appgroup_id, rowidentifier, rowversion, change_action, change_user, change_time) VALUES ('BaunitSearch', 'super-group-id', 'be3abba8-99dd-11e3-9497-3b28e1959885', 1, 'i', 'db:postgres', '2014-02-20 16:19:00.912');
INSERT INTO approle_appgroup (approle_code, appgroup_id, rowidentifier, rowversion, change_action, change_user, change_time) VALUES ('newFreehold', 'super-group-id', 'be3ae2b8-99dd-11e3-97e6-8f45a4d555f9', 1, 'i', 'db:postgres', '2014-02-20 16:19:00.912');
INSERT INTO approle_appgroup (approle_code, appgroup_id, rowidentifier, rowversion, change_action, change_user, change_time) VALUES ('ManageBR', 'super-group-id', 'be3b09c8-99dd-11e3-beaf-0f51942e145e', 1, 'i', 'db:postgres', '2014-02-20 16:19:00.912');
INSERT INTO approle_appgroup (approle_code, appgroup_id, rowidentifier, rowversion, change_action, change_user, change_time) VALUES ('ViewMap', 'super-group-id', 'be3b30d8-99dd-11e3-b151-43f166b2f9ca', 1, 'i', 'db:postgres', '2014-02-20 16:19:00.912');
INSERT INTO approle_appgroup (approle_code, appgroup_id, rowidentifier, rowversion, change_action, change_user, change_time) VALUES ('lodgeObjection', 'super-group-id', 'be3b30d8-99dd-11e3-9a92-934c3732f30b', 1, 'i', 'db:postgres', '2014-02-20 16:19:00.912');
INSERT INTO approle_appgroup (approle_code, appgroup_id, rowidentifier, rowversion, change_action, change_user, change_time) VALUES ('servitude', 'super-group-id', 'be3b57e8-99dd-11e3-8561-43f3abce7cf9', 1, 'i', 'db:postgres', '2014-02-20 16:19:00.912');
INSERT INTO approle_appgroup (approle_code, appgroup_id, rowidentifier, rowversion, change_action, change_user, change_time) VALUES ('PartySearch', 'super-group-id', 'be3b7ef8-99dd-11e3-ad3d-efd661357772', 1, 'i', 'db:postgres', '2014-02-20 16:19:00.912');
INSERT INTO approle_appgroup (approle_code, appgroup_id, rowidentifier, rowversion, change_action, change_user, change_time) VALUES ('historicOrder', 'super-group-id', 'be3ba608-99dd-11e3-9afc-5329cffa47ae', 1, 'i', 'db:postgres', '2014-02-20 16:19:00.912');
INSERT INTO approle_appgroup (approle_code, appgroup_id, rowidentifier, rowversion, change_action, change_user, change_time) VALUES ('systematicRegn', 'super-group-id', 'be3bcd18-99dd-11e3-9b02-bf0ac4a794c8', 1, 'i', 'db:postgres', '2014-02-20 16:19:00.912');
INSERT INTO approle_appgroup (approle_code, appgroup_id, rowidentifier, rowversion, change_action, change_user, change_time) VALUES ('removeRestriction', 'super-group-id', 'be3bf428-99dd-11e3-819e-37f517b49261', 1, 'i', 'db:postgres', '2014-02-20 16:19:00.912');
INSERT INTO approle_appgroup (approle_code, appgroup_id, rowidentifier, rowversion, change_action, change_user, change_time) VALUES ('ApplnResubmit', 'super-group-id', 'be3c1b38-99dd-11e3-805e-0b401e2c096e', 1, 'i', 'db:postgres', '2014-02-20 16:19:00.912');
INSERT INTO approle_appgroup (approle_code, appgroup_id, rowidentifier, rowversion, change_action, change_user, change_time) VALUES ('ApplnCreate', 'super-group-id', 'be3c1b38-99dd-11e3-a16d-ab5abc6b4a8d', 1, 'i', 'db:postgres', '2014-02-20 16:19:00.912');
INSERT INTO approle_appgroup (approle_code, appgroup_id, rowidentifier, rowversion, change_action, change_user, change_time) VALUES ('mortgage', 'super-group-id', 'be3c4252-99dd-11e3-a5ff-3be2b662f009', 1, 'i', 'db:postgres', '2014-02-20 16:19:00.912');
INSERT INTO approle_appgroup (approle_code, appgroup_id, rowidentifier, rowversion, change_action, change_user, change_time) VALUES ('registerLease', 'super-group-id', 'be3c6962-99dd-11e3-962f-8b5c1490d936', 1, 'i', 'db:postgres', '2014-02-20 16:19:00.912');
INSERT INTO approle_appgroup (approle_code, appgroup_id, rowidentifier, rowversion, change_action, change_user, change_time) VALUES ('caveat', 'super-group-id', 'be3c9072-99dd-11e3-88f9-f7819f3e21c9', 1, 'i', 'db:postgres', '2014-02-20 16:19:00.912');
INSERT INTO approle_appgroup (approle_code, appgroup_id, rowidentifier, rowversion, change_action, change_user, change_time) VALUES ('removeCaveat', 'super-group-id', 'be3cb782-99dd-11e3-acea-eb6c66630d07', 1, 'i', 'db:postgres', '2014-02-20 16:19:00.912');
INSERT INTO approle_appgroup (approle_code, appgroup_id, rowidentifier, rowversion, change_action, change_user, change_time) VALUES ('surveyPlanCopy', 'super-group-id', 'be3cde92-99dd-11e3-ac4a-4327f6ee3548', 1, 'i', 'db:postgres', '2014-02-20 16:19:00.912');
INSERT INTO approle_appgroup (approle_code, appgroup_id, rowidentifier, rowversion, change_action, change_user, change_time) VALUES ('varyMortgage', 'super-group-id', 'be3d05a2-99dd-11e3-8f6c-abe0810450dc', 1, 'i', 'db:postgres', '2014-02-20 16:19:00.912');
INSERT INTO approle_appgroup (approle_code, appgroup_id, rowidentifier, rowversion, change_action, change_user, change_time) VALUES ('varyCaveat', 'super-group-id', 'be3d2cb2-99dd-11e3-b77f-1366b7b48653', 1, 'i', 'db:postgres', '2014-02-20 16:19:00.912');
INSERT INTO approle_appgroup (approle_code, appgroup_id, rowidentifier, rowversion, change_action, change_user, change_time) VALUES ('CompleteService', 'super-group-id', 'be3d53c2-99dd-11e3-ada1-effcd3498be7', 1, 'i', 'db:postgres', '2014-02-20 16:19:00.912');
INSERT INTO approle_appgroup (approle_code, appgroup_id, rowidentifier, rowversion, change_action, change_user, change_time) VALUES ('CancelService', 'super-group-id', 'be3d53c2-99dd-11e3-a168-3fa78ed19d05', 1, 'i', 'db:postgres', '2014-02-20 16:19:00.912');
INSERT INTO approle_appgroup (approle_code, appgroup_id, rowidentifier, rowversion, change_action, change_user, change_time) VALUES ('ApplnValidate', 'super-group-id', 'be3d7ad2-99dd-11e3-8338-2ff182201c03', 1, 'i', 'db:postgres', '2014-02-20 16:19:00.912');
INSERT INTO approle_appgroup (approle_code, appgroup_id, rowidentifier, rowversion, change_action, change_user, change_time) VALUES ('redefineCadastre', 'super-group-id', 'be3da1e2-99dd-11e3-9160-d786dc2dff87', 1, 'i', 'db:postgres', '2014-02-20 16:19:00.912');
INSERT INTO approle_appgroup (approle_code, appgroup_id, rowidentifier, rowversion, change_action, change_user, change_time) VALUES ('serviceEnquiry', 'super-group-id', 'be3dc8f2-99dd-11e3-8615-7f3225f9eb04', 1, 'i', 'db:postgres', '2014-02-20 16:19:00.912');
INSERT INTO approle_appgroup (approle_code, appgroup_id, rowidentifier, rowversion, change_action, change_user, change_time) VALUES ('RevertService', 'super-group-id', 'be3df002-99dd-11e3-86a8-230b6eaa7982', 1, 'i', 'db:postgres', '2014-02-20 16:19:00.912');
INSERT INTO approle_appgroup (approle_code, appgroup_id, rowidentifier, rowversion, change_action, change_user, change_time) VALUES ('NoPasswordExpiry', 'super-group-id', 'be3e1712-99dd-11e3-9b9a-cbc46ce463f0', 1, 'i', 'db:postgres', '2014-02-20 16:19:00.912');
INSERT INTO approle_appgroup (approle_code, appgroup_id, rowidentifier, rowversion, change_action, change_user, change_time) VALUES ('ApplnAssignOthers', 'super-group-id', 'be3e3e22-99dd-11e3-8989-b767ea63704b', 1, 'i', 'db:postgres', '2014-02-20 16:19:00.912');
INSERT INTO approle_appgroup (approle_code, appgroup_id, rowidentifier, rowversion, change_action, change_user, change_time) VALUES ('ApplnWithdraw', 'super-group-id', 'be3e6532-99dd-11e3-b643-c361a16efeb4', 1, 'i', 'db:postgres', '2014-02-20 16:19:00.912');
INSERT INTO approle_appgroup (approle_code, appgroup_id, rowidentifier, rowversion, change_action, change_user, change_time) VALUES ('titleSearch', 'super-group-id', 'be3e8c42-99dd-11e3-bba8-8f1f78a9e134', 1, 'i', 'db:postgres', '2014-02-20 16:19:00.912');
INSERT INTO approle_appgroup (approle_code, appgroup_id, rowidentifier, rowversion, change_action, change_user, change_time) VALUES ('ApplnReject', 'super-group-id', 'be3eb352-99dd-11e3-926a-6f8ea6c64eef', 1, 'i', 'db:postgres', '2014-02-20 16:19:00.912');
INSERT INTO approle_appgroup (approle_code, appgroup_id, rowidentifier, rowversion, change_action, change_user, change_time) VALUES ('DashbrdViewUnassign', 'super-group-id', 'be3eda6c-99dd-11e3-95ec-efecd21e6657', 1, 'i', 'db:postgres', '2014-02-20 16:19:00.912');
INSERT INTO approle_appgroup (approle_code, appgroup_id, rowidentifier, rowversion, change_action, change_user, change_time) VALUES ('PrintMap', 'super-group-id', 'be3f017c-99dd-11e3-97c5-2343e89a91c3', 1, 'i', 'db:postgres', '2014-02-20 16:19:00.912');
INSERT INTO approle_appgroup (approle_code, appgroup_id, rowidentifier, rowversion, change_action, change_user, change_time) VALUES ('BaunitCertificate', 'super-group-id', 'be3f017c-99dd-11e3-ae1e-6ff2de66ec9d', 1, 'i', 'db:postgres', '2014-02-20 16:19:00.912');
INSERT INTO approle_appgroup (approle_code, appgroup_id, rowidentifier, rowversion, change_action, change_user, change_time) VALUES ('ReportGenerate', 'super-group-id', 'be3f288c-99dd-11e3-afbf-bb2050e5ef22', 1, 'i', 'db:postgres', '2014-02-20 16:19:00.912');
INSERT INTO approle_appgroup (approle_code, appgroup_id, rowidentifier, rowversion, change_action, change_user, change_time) VALUES ('regnOnTitle', 'super-group-id', 'be3f4f9c-99dd-11e3-903d-0bc1819ef2ed', 1, 'i', 'db:postgres', '2014-02-20 16:19:00.912');
INSERT INTO approle_appgroup (approle_code, appgroup_id, rowidentifier, rowversion, change_action, change_user, change_time) VALUES ('varyRight', 'super-group-id', 'be3f76ac-99dd-11e3-96e1-9772426317d5', 1, 'i', 'db:postgres', '2014-02-20 16:19:00.912');
INSERT INTO approle_appgroup (approle_code, appgroup_id, rowidentifier, rowversion, change_action, change_user, change_time) VALUES ('cnclStandardDocument', 'super-group-id', 'be3f9dbc-99dd-11e3-89bc-bb43e7d2b169', 1, 'i', 'db:postgres', '2014-02-20 16:19:00.912');
INSERT INTO approle_appgroup (approle_code, appgroup_id, rowidentifier, rowversion, change_action, change_user, change_time) VALUES ('ManageSettings', 'super-group-id', 'be3fc4cc-99dd-11e3-86a1-27716dc68756', 1, 'i', 'db:postgres', '2014-02-20 16:19:00.912');
INSERT INTO approle_appgroup (approle_code, appgroup_id, rowidentifier, rowversion, change_action, change_user, change_time) VALUES ('ManageSecurity', 'super-group-id', 'be3febdc-99dd-11e3-8812-fb80415cc5a5', 1, 'i', 'db:postgres', '2014-02-20 16:19:00.912');
INSERT INTO approle_appgroup (approle_code, appgroup_id, rowidentifier, rowversion, change_action, change_user, change_time) VALUES ('ApplnAssignSelf', 'super-group-id', 'be4012ec-99dd-11e3-9f72-a32cce304e5b', 1, 'i', 'db:postgres', '2014-02-20 16:19:00.912');
INSERT INTO approle_appgroup (approle_code, appgroup_id, rowidentifier, rowversion, change_action, change_user, change_time) VALUES ('ApplnStatus', 'super-group-id', 'be4039fc-99dd-11e3-92ff-17ecc5e3855e', 1, 'i', 'db:postgres', '2014-02-20 16:19:00.912');
INSERT INTO approle_appgroup (approle_code, appgroup_id, rowidentifier, rowversion, change_action, change_user, change_time) VALUES ('ApplnRequisition', 'super-group-id', 'be40610c-99dd-11e3-8e4e-b3c0181d3a97', 1, 'i', 'db:postgres', '2014-02-20 16:19:00.912');
INSERT INTO approle_appgroup (approle_code, appgroup_id, rowidentifier, rowversion, change_action, change_user, change_time) VALUES ('BulkApplication', 'super-group-id', 'be40881c-99dd-11e3-a60a-7b88b2957043', 1, 'i', 'db:postgres', '2014-02-20 16:19:00.912');
INSERT INTO approle_appgroup (approle_code, appgroup_id, rowidentifier, rowversion, change_action, change_user, change_time) VALUES ('TransactionCommit', 'super-group-id', 'be40af2c-99dd-11e3-9f22-8b245d4b3256', 1, 'i', 'db:postgres', '2014-02-20 16:19:00.912');
INSERT INTO approle_appgroup (approle_code, appgroup_id, rowidentifier, rowversion, change_action, change_user, change_time) VALUES ('cnclPowerOfAttorney', 'super-group-id', 'be40af2c-99dd-11e3-8c37-4f56ce8d45a1', 1, 'i', 'db:postgres', '2014-02-20 16:19:00.912');
INSERT INTO approle_appgroup (approle_code, appgroup_id, rowidentifier, rowversion, change_action, change_user, change_time) VALUES ('cadastreChange', 'super-group-id', 'be40d63c-99dd-11e3-8e45-23e1aa859527', 1, 'i', 'db:postgres', '2014-02-20 16:19:00.912');
INSERT INTO approle_appgroup (approle_code, appgroup_id, rowidentifier, rowversion, change_action, change_user, change_time) VALUES ('newApartment', 'super-group-id', 'be40fd4c-99dd-11e3-ae3c-c3b670bfbb5a', 1, 'i', 'db:postgres', '2014-02-20 16:19:00.912');
INSERT INTO approle_appgroup (approle_code, appgroup_id, rowidentifier, rowversion, change_action, change_user, change_time) VALUES ('regnStandardDocument', 'super-group-id', 'be41245c-99dd-11e3-951c-b709155504de', 1, 'i', 'db:postgres', '2014-02-20 16:19:00.912');
INSERT INTO approle_appgroup (approle_code, appgroup_id, rowidentifier, rowversion, change_action, change_user, change_time) VALUES ('ApplnArchive', 'super-group-id', 'be414b6c-99dd-11e3-a7fb-c75a5ebcd52e', 1, 'i', 'db:postgres', '2014-02-20 16:19:00.912');
INSERT INTO approle_appgroup (approle_code, appgroup_id, rowidentifier, rowversion, change_action, change_user, change_time) VALUES ('removeRight', 'super-group-id', 'be41727c-99dd-11e3-9e32-7f2f12b3024f', 1, 'i', 'db:postgres', '2014-02-20 16:19:00.912');
INSERT INTO approle_appgroup (approle_code, appgroup_id, rowidentifier, rowversion, change_action, change_user, change_time) VALUES ('ChangePassword', 'super-group-id', 'be419996-99dd-11e3-8b35-77b8c207d13b', 1, 'i', 'db:postgres', '2014-02-20 16:19:00.912');
INSERT INTO approle_appgroup (approle_code, appgroup_id, rowidentifier, rowversion, change_action, change_user, change_time) VALUES ('ManageRefdata', 'super-group-id', 'be419996-99dd-11e3-8513-a728bd470770', 1, 'i', 'db:postgres', '2014-02-20 16:19:00.912');
INSERT INTO approle_appgroup (approle_code, appgroup_id, rowidentifier, rowversion, change_action, change_user, change_time) VALUES ('StartService', 'super-group-id', 'be41c0a6-99dd-11e3-91e8-8b58f4dc2c3b', 1, 'i', 'db:postgres', '2014-02-20 16:19:00.912');
INSERT INTO approle_appgroup (approle_code, appgroup_id, rowidentifier, rowversion, change_action, change_user, change_time) VALUES ('mapExistingParcel', 'super-group-id', 'be41e7b6-99dd-11e3-9434-17054171bef3', 1, 'i', 'db:postgres', '2014-02-20 16:19:00.912');
INSERT INTO approle_appgroup (approle_code, appgroup_id, rowidentifier, rowversion, change_action, change_user, change_time) VALUES ('DashbrdViewAssign', 'super-group-id', 'be420ec6-99dd-11e3-b09c-5fdcbfb92dfd', 1, 'i', 'db:postgres', '2014-02-20 16:19:00.912');
INSERT INTO approle_appgroup (approle_code, appgroup_id, rowidentifier, rowversion, change_action, change_user, change_time) VALUES ('cancelProperty', 'super-group-id', 'be4235d6-99dd-11e3-ae6d-6f328598a436', 1, 'i', 'db:postgres', '2014-02-20 16:19:00.912');
INSERT INTO approle_appgroup (approle_code, appgroup_id, rowidentifier, rowversion, change_action, change_user, change_time) VALUES ('buildingRestriction', 'super-group-id', 'be425ce6-99dd-11e3-b3af-bf0ad2e1eafe', 1, 'i', 'db:postgres', '2014-02-20 16:19:00.912');
INSERT INTO approle_appgroup (approle_code, appgroup_id, rowidentifier, rowversion, change_action, change_user, change_time) VALUES ('limtedRoadAccess', 'super-group-id', 'be4283f6-99dd-11e3-9a44-931a6bb6ee32', 1, 'i', 'db:postgres', '2014-02-20 16:19:00.912');
INSERT INTO approle_appgroup (approle_code, appgroup_id, rowidentifier, rowversion, change_action, change_user, change_time) VALUES ('regnPowerOfAttorney', 'super-group-id', 'be42ab06-99dd-11e3-b30b-1f8b47e0d5ff', 1, 'i', 'db:postgres', '2014-02-20 16:19:00.912');
INSERT INTO approle_appgroup (approle_code, appgroup_id, rowidentifier, rowversion, change_action, change_user, change_time) VALUES ('ApplnApprove', 'super-group-id', 'be42d216-99dd-11e3-919f-57cc413df0e7', 1, 'i', 'db:postgres', '2014-02-20 16:19:00.912');
INSERT INTO approle_appgroup (approle_code, appgroup_id, rowidentifier, rowversion, change_action, change_user, change_time) VALUES ('consolidationExt', 'super-group-id', 'be42f926-99dd-11e3-9c66-1bba97c850af', 1, 'i', 'db:postgres', '2014-02-20 16:19:00.912');
INSERT INTO approle_appgroup (approle_code, appgroup_id, rowidentifier, rowversion, change_action, change_user, change_time) VALUES ('consolidationCons', 'super-group-id', 'be432036-99dd-11e3-a806-e3af0fb1848a', 1, 'i', 'db:postgres', '2014-02-20 16:19:00.912');
INSERT INTO approle_appgroup (approle_code, appgroup_id, rowidentifier, rowversion, change_action, change_user, change_time) VALUES ('BaUnitNotes', 'super-group-id', '56ae10ca-00da-11e4-abee-a7c2922e39f7', 1, 'i', 'db:postgres', '2014-07-01 16:44:08.477');
INSERT INTO approle_appgroup (approle_code, appgroup_id, rowidentifier, rowversion, change_action, change_user, change_time) VALUES ('recordStateLand', 'super-group-id', '56bd7a4c-00da-11e4-b19f-f3a046be73c4', 1, 'i', 'db:postgres', '2014-07-01 16:44:08.477');
INSERT INTO approle_appgroup (approle_code, appgroup_id, rowidentifier, rowversion, change_action, change_user, change_time) VALUES ('MeasureMap', 'super-group-id', '56bdef86-00da-11e4-8fc8-f33f40fe4e44', 1, 'i', 'db:postgres', '2014-07-01 16:44:08.477');
INSERT INTO approle_appgroup (approle_code, appgroup_id, rowidentifier, rowversion, change_action, change_user, change_time) VALUES ('BaunitTeam', 'super-group-id', 'f9bf838a-1c3b-11e4-ae6b-8bf749cbbba4', 1, 'i', 'db:postgres', '2014-08-05 13:01:04.462');
INSERT INTO approle_appgroup (approle_code, appgroup_id, rowidentifier, rowversion, change_action, change_user, change_time) VALUES ('ChangeSecClass', 'super-group-id', '35d5384e-2270-11e4-be03-efa4373cb92d', 1, 'i', 'db:postgres', '2014-08-13 10:30:05.642');
INSERT INTO approle_appgroup (approle_code, appgroup_id, rowidentifier, rowversion, change_action, change_user, change_time) VALUES ('01SEC_Unrestricted', 'super-group-id', '35f80310-2270-11e4-aff9-bb9d0ac2aa29', 1, 'i', 'db:postgres', '2014-08-13 10:30:05.642');
INSERT INTO approle_appgroup (approle_code, appgroup_id, rowidentifier, rowversion, change_action, change_user, change_time) VALUES ('02SEC_Restricted', 'super-group-id', '35f85130-2270-11e4-b730-d35183eefb04', 1, 'i', 'db:postgres', '2014-08-13 10:30:05.642');
INSERT INTO approle_appgroup (approle_code, appgroup_id, rowidentifier, rowversion, change_action, change_user, change_time) VALUES ('03SEC_Confidential', 'super-group-id', '35f89f50-2270-11e4-a3cc-d31e03e41168', 1, 'i', 'db:postgres', '2014-08-13 10:30:05.642');
INSERT INTO approle_appgroup (approle_code, appgroup_id, rowidentifier, rowversion, change_action, change_user, change_time) VALUES ('04SEC_Secret', 'super-group-id', '35f8ed70-2270-11e4-99a9-9f127a184713', 1, 'i', 'db:postgres', '2014-08-13 10:30:05.642');
INSERT INTO approle_appgroup (approle_code, appgroup_id, rowidentifier, rowversion, change_action, change_user, change_time) VALUES ('05SEC_TopSecret', 'super-group-id', '35f93b9a-2270-11e4-9ebc-f70a5e710f89', 1, 'i', 'db:postgres', '2014-08-13 10:30:05.642');
INSERT INTO approle_appgroup (approle_code, appgroup_id, rowidentifier, rowversion, change_action, change_user, change_time) VALUES ('10SEC_SuppressOrd', 'super-group-id', '35f989ba-2270-11e4-96ba-f769c3da0b9a', 1, 'i', 'db:postgres', '2014-08-13 10:30:05.642');
INSERT INTO approle_appgroup (approle_code, appgroup_id, rowidentifier, rowversion, change_action, change_user, change_time) VALUES ('ChangePassword', 'dc14b732-b9c9-48fd-b6c9-af913f7ad4e5', '0facce13-0fc2-4b66-9d84-86738dd4143c', 1, 'i', 'test', '2014-08-13 10:41:25.967');
INSERT INTO approle_appgroup (approle_code, appgroup_id, rowidentifier, rowversion, change_action, change_user, change_time) VALUES ('NoPasswordExpiry', 'dc14b732-b9c9-48fd-b6c9-af913f7ad4e5', '1feb97a9-0f6a-4164-8018-c1d5965c3ac4', 1, 'i', 'test', '2014-08-13 10:41:25.967');
INSERT INTO approle_appgroup (approle_code, appgroup_id, rowidentifier, rowversion, change_action, change_user, change_time) VALUES ('ApplnAssignOthers', 'dc14b732-b9c9-48fd-b6c9-af913f7ad4e5', 'ab0fd769-245d-48fe-a924-36f550680a10', 1, 'i', 'test', '2014-08-13 10:41:25.967');
INSERT INTO approle_appgroup (approle_code, appgroup_id, rowidentifier, rowversion, change_action, change_user, change_time) VALUES ('ApplnAssignSelf', 'dc14b732-b9c9-48fd-b6c9-af913f7ad4e5', '861d2c06-0f07-4733-8ce7-338ee2c00e0a', 1, 'i', 'test', '2014-08-13 10:41:25.967');
INSERT INTO approle_appgroup (approle_code, appgroup_id, rowidentifier, rowversion, change_action, change_user, change_time) VALUES ('ApplnEdit', 'dc14b732-b9c9-48fd-b6c9-af913f7ad4e5', 'fc65c948-1831-4585-9260-c4116da8aa45', 1, 'i', 'test', '2014-08-13 10:41:25.967');
INSERT INTO approle_appgroup (approle_code, appgroup_id, rowidentifier, rowversion, change_action, change_user, change_time) VALUES ('ApplnCreate', 'dc14b732-b9c9-48fd-b6c9-af913f7ad4e5', '70ff5051-9ade-4a7a-b625-29fd518d8077', 1, 'i', 'test', '2014-08-13 10:41:25.967');
INSERT INTO approle_appgroup (approle_code, appgroup_id, rowidentifier, rowversion, change_action, change_user, change_time) VALUES ('ApplnView', 'dc14b732-b9c9-48fd-b6c9-af913f7ad4e5', '4ac9c07f-91c3-4df4-b0ac-0cd63d044b83', 1, 'i', 'test', '2014-08-13 10:41:25.967');
INSERT INTO approle_appgroup (approle_code, appgroup_id, rowidentifier, rowversion, change_action, change_user, change_time) VALUES ('ApplnUnassignOthers', 'dc14b732-b9c9-48fd-b6c9-af913f7ad4e5', '0bd318ba-cd44-4bf6-8a4f-0d68b2e6b459', 1, 'i', 'test', '2014-08-13 10:41:25.967');
INSERT INTO approle_appgroup (approle_code, appgroup_id, rowidentifier, rowversion, change_action, change_user, change_time) VALUES ('ApplnUnassignSelf', 'dc14b732-b9c9-48fd-b6c9-af913f7ad4e5', '09c448cd-cc20-434e-a8b6-fd88651b3793', 1, 'i', 'test', '2014-08-13 10:41:25.967');
INSERT INTO approle_appgroup (approle_code, appgroup_id, rowidentifier, rowversion, change_action, change_user, change_time) VALUES ('ApplnReject', 'dc14b732-b9c9-48fd-b6c9-af913f7ad4e5', '9d8543cc-ab17-41bb-99be-0605307bfd3d', 1, 'i', 'test', '2014-08-13 10:41:25.967');
INSERT INTO approle_appgroup (approle_code, appgroup_id, rowidentifier, rowversion, change_action, change_user, change_time) VALUES ('ApplnValidate', 'dc14b732-b9c9-48fd-b6c9-af913f7ad4e5', '891c9a54-d6cd-4386-bc14-3202d22ef50a', 1, 'i', 'test', '2014-08-13 10:41:25.967');
INSERT INTO approle_appgroup (approle_code, appgroup_id, rowidentifier, rowversion, change_action, change_user, change_time) VALUES ('DashbrdViewAssign', 'dc14b732-b9c9-48fd-b6c9-af913f7ad4e5', 'cb6e1d70-0cac-436a-a688-de823c08ab04', 1, 'i', 'test', '2014-08-13 10:41:25.967');
INSERT INTO approle_appgroup (approle_code, appgroup_id, rowidentifier, rowversion, change_action, change_user, change_time) VALUES ('DashbrdViewUnassign', 'dc14b732-b9c9-48fd-b6c9-af913f7ad4e5', '08f8d949-840a-49a6-bada-6b8dbe775f7b', 1, 'i', 'test', '2014-08-13 10:41:25.967');
INSERT INTO approle_appgroup (approle_code, appgroup_id, rowidentifier, rowversion, change_action, change_user, change_time) VALUES ('SourceSave', 'dc14b732-b9c9-48fd-b6c9-af913f7ad4e5', 'fdc451cb-17ae-4cbf-85e3-61c867eafd2e', 1, 'i', 'test', '2014-08-13 10:41:25.967');
INSERT INTO approle_appgroup (approle_code, appgroup_id, rowidentifier, rowversion, change_action, change_user, change_time) VALUES ('SourceSearch', 'dc14b732-b9c9-48fd-b6c9-af913f7ad4e5', '63353b00-42f3-463b-a2ff-078934e03e3b', 1, 'i', 'test', '2014-08-13 10:41:25.967');
INSERT INTO approle_appgroup (approle_code, appgroup_id, rowidentifier, rowversion, change_action, change_user, change_time) VALUES ('ExportMap', 'dc14b732-b9c9-48fd-b6c9-af913f7ad4e5', '62f4070c-41b9-4cff-b477-a09b03f7ca98', 1, 'i', 'test', '2014-08-13 10:41:25.967');
INSERT INTO approle_appgroup (approle_code, appgroup_id, rowidentifier, rowversion, change_action, change_user, change_time) VALUES ('MeasureMap', 'dc14b732-b9c9-48fd-b6c9-af913f7ad4e5', '5d0be2f2-e678-4214-9d4c-51113e517930', 1, 'i', 'test', '2014-08-13 10:41:25.967');
INSERT INTO approle_appgroup (approle_code, appgroup_id, rowidentifier, rowversion, change_action, change_user, change_time) VALUES ('PrintMap', 'dc14b732-b9c9-48fd-b6c9-af913f7ad4e5', '23005700-1cab-4341-8c37-225035e2d9b3', 1, 'i', 'test', '2014-08-13 10:41:25.967');
INSERT INTO approle_appgroup (approle_code, appgroup_id, rowidentifier, rowversion, change_action, change_user, change_time) VALUES ('ViewMap', 'dc14b732-b9c9-48fd-b6c9-af913f7ad4e5', '9ba3429c-3797-41fd-b30a-cb8505a5cb44', 1, 'i', 'test', '2014-08-13 10:41:25.967');
INSERT INTO approle_appgroup (approle_code, appgroup_id, rowidentifier, rowversion, change_action, change_user, change_time) VALUES ('ParcelSave', 'dc14b732-b9c9-48fd-b6c9-af913f7ad4e5', '6a18b57c-5864-40b1-98c1-2e1a4f0b5883', 1, 'i', 'test', '2014-08-13 10:41:25.967');
INSERT INTO approle_appgroup (approle_code, appgroup_id, rowidentifier, rowversion, change_action, change_user, change_time) VALUES ('PartySave', 'dc14b732-b9c9-48fd-b6c9-af913f7ad4e5', '76201343-ab9b-46ec-ad6a-107f041b52ac', 1, 'i', 'test', '2014-08-13 10:41:25.967');
INSERT INTO approle_appgroup (approle_code, appgroup_id, rowidentifier, rowversion, change_action, change_user, change_time) VALUES ('RHSave', 'dc14b732-b9c9-48fd-b6c9-af913f7ad4e5', '5f5a83c5-27a8-4afd-9c6f-70fd1e233eaf', 1, 'i', 'test', '2014-08-13 10:41:25.967');
INSERT INTO approle_appgroup (approle_code, appgroup_id, rowidentifier, rowversion, change_action, change_user, change_time) VALUES ('PartySearch', 'dc14b732-b9c9-48fd-b6c9-af913f7ad4e5', '6ddf3752-f1d2-4af4-abeb-65c3452c67fc', 1, 'i', 'test', '2014-08-13 10:41:25.967');
INSERT INTO approle_appgroup (approle_code, appgroup_id, rowidentifier, rowversion, change_action, change_user, change_time) VALUES ('BaUnitNotes', 'dc14b732-b9c9-48fd-b6c9-af913f7ad4e5', '8819c33d-c2b6-4c9c-9c0f-238f76f56a15', 1, 'i', 'test', '2014-08-13 10:41:25.967');
INSERT INTO approle_appgroup (approle_code, appgroup_id, rowidentifier, rowversion, change_action, change_user, change_time) VALUES ('BaunitTeam', 'dc14b732-b9c9-48fd-b6c9-af913f7ad4e5', '5cf94518-0825-4415-b548-5f4b4dabe5fb', 1, 'i', 'test', '2014-08-13 10:41:25.967');
INSERT INTO approle_appgroup (approle_code, appgroup_id, rowidentifier, rowversion, change_action, change_user, change_time) VALUES ('BaunitSave', 'dc14b732-b9c9-48fd-b6c9-af913f7ad4e5', '088dbb70-1f67-4f33-a82d-97064e186566', 1, 'i', 'test', '2014-08-13 10:41:25.967');
INSERT INTO approle_appgroup (approle_code, appgroup_id, rowidentifier, rowversion, change_action, change_user, change_time) VALUES ('BaunitCertificate', 'dc14b732-b9c9-48fd-b6c9-af913f7ad4e5', '9283bc67-d09f-4681-83aa-f17b898540f9', 1, 'i', 'test', '2014-08-13 10:41:25.967');
INSERT INTO approle_appgroup (approle_code, appgroup_id, rowidentifier, rowversion, change_action, change_user, change_time) VALUES ('BaunitSearch', 'dc14b732-b9c9-48fd-b6c9-af913f7ad4e5', 'aaf64502-cc73-4e68-b444-7af96bb5e9b5', 1, 'i', 'test', '2014-08-13 10:41:25.967');
INSERT INTO approle_appgroup (approle_code, appgroup_id, rowidentifier, rowversion, change_action, change_user, change_time) VALUES ('ChangePassword', 'dfbf675a-b449-43b5-9392-d624c0b3618d', 'da01bf22-13ca-48f1-96ea-2d9d5796db58', 1, 'i', 'test', '2014-08-13 10:46:59.342');
INSERT INTO approle_appgroup (approle_code, appgroup_id, rowidentifier, rowversion, change_action, change_user, change_time) VALUES ('NoPasswordExpiry', 'dfbf675a-b449-43b5-9392-d624c0b3618d', 'ed10a644-2af4-4152-b408-a8cb7483dad4', 1, 'i', 'test', '2014-08-13 10:46:59.342');
INSERT INTO approle_appgroup (approle_code, appgroup_id, rowidentifier, rowversion, change_action, change_user, change_time) VALUES ('ApplnAssignOthers', 'dfbf675a-b449-43b5-9392-d624c0b3618d', 'ca7f9494-d423-4e02-9f6e-6cba24a3d3e5', 1, 'i', 'test', '2014-08-13 10:46:59.342');
INSERT INTO approle_appgroup (approle_code, appgroup_id, rowidentifier, rowversion, change_action, change_user, change_time) VALUES ('ApplnAssignSelf', 'dfbf675a-b449-43b5-9392-d624c0b3618d', '436b88c9-9533-4fd8-9386-a95c042ee3c8', 1, 'i', 'test', '2014-08-13 10:46:59.342');
INSERT INTO approle_appgroup (approle_code, appgroup_id, rowidentifier, rowversion, change_action, change_user, change_time) VALUES ('ApplnEdit', 'dfbf675a-b449-43b5-9392-d624c0b3618d', '353b3136-20ec-4bbb-9e07-a60adf51cb43', 1, 'i', 'test', '2014-08-13 10:46:59.342');
INSERT INTO approle_appgroup (approle_code, appgroup_id, rowidentifier, rowversion, change_action, change_user, change_time) VALUES ('ApplnCreate', 'dfbf675a-b449-43b5-9392-d624c0b3618d', 'c4633fef-ccaf-4b40-a89c-66b0ddf17984', 1, 'i', 'test', '2014-08-13 10:46:59.342');
INSERT INTO approle_appgroup (approle_code, appgroup_id, rowidentifier, rowversion, change_action, change_user, change_time) VALUES ('ApplnView', 'dfbf675a-b449-43b5-9392-d624c0b3618d', '4e26a7d2-8b0a-4d8c-bd84-d6cb6a24aa90', 1, 'i', 'test', '2014-08-13 10:46:59.342');
INSERT INTO approle_appgroup (approle_code, appgroup_id, rowidentifier, rowversion, change_action, change_user, change_time) VALUES ('ApplnStatus', 'dfbf675a-b449-43b5-9392-d624c0b3618d', '6774c354-4e6e-4b80-bc0b-6324d3b92f40', 1, 'i', 'test', '2014-08-13 10:46:59.342');
INSERT INTO approle_appgroup (approle_code, appgroup_id, rowidentifier, rowversion, change_action, change_user, change_time) VALUES ('ApplnUnassignOthers', 'dfbf675a-b449-43b5-9392-d624c0b3618d', '9923aafd-747a-4cef-98d3-b1a37829fa9e', 1, 'i', 'test', '2014-08-13 10:46:59.342');
INSERT INTO approle_appgroup (approle_code, appgroup_id, rowidentifier, rowversion, change_action, change_user, change_time) VALUES ('ApplnUnassignSelf', 'dfbf675a-b449-43b5-9392-d624c0b3618d', 'b8393168-3d2d-4986-8619-22abd4140cac', 1, 'i', 'test', '2014-08-13 10:46:59.342');
INSERT INTO approle_appgroup (approle_code, appgroup_id, rowidentifier, rowversion, change_action, change_user, change_time) VALUES ('ApplnApprove', 'dfbf675a-b449-43b5-9392-d624c0b3618d', 'fd8010dd-3d9c-4fb8-93d4-23019e866110', 1, 'i', 'test', '2014-08-13 10:46:59.342');
INSERT INTO approle_appgroup (approle_code, appgroup_id, rowidentifier, rowversion, change_action, change_user, change_time) VALUES ('ApplnArchive', 'dfbf675a-b449-43b5-9392-d624c0b3618d', '6a0f9767-32a3-4ac6-8c9b-a87f05380485', 1, 'i', 'test', '2014-08-13 10:46:59.342');
INSERT INTO approle_appgroup (approle_code, appgroup_id, rowidentifier, rowversion, change_action, change_user, change_time) VALUES ('ApplnReject', 'dfbf675a-b449-43b5-9392-d624c0b3618d', '34962c24-423b-4a21-be0b-1cedb4c2462e', 1, 'i', 'test', '2014-08-13 10:46:59.342');
INSERT INTO approle_appgroup (approle_code, appgroup_id, rowidentifier, rowversion, change_action, change_user, change_time) VALUES ('ApplnDispatch', 'dfbf675a-b449-43b5-9392-d624c0b3618d', '840f66ef-ecec-42f2-8ca4-00b70ebda54c', 1, 'i', 'test', '2014-08-13 10:46:59.342');
INSERT INTO approle_appgroup (approle_code, appgroup_id, rowidentifier, rowversion, change_action, change_user, change_time) VALUES ('ApplnRequisition', 'dfbf675a-b449-43b5-9392-d624c0b3618d', 'adcb57d4-0899-4731-af01-608e079aad27', 1, 'i', 'test', '2014-08-13 10:46:59.342');
INSERT INTO approle_appgroup (approle_code, appgroup_id, rowidentifier, rowversion, change_action, change_user, change_time) VALUES ('ApplnResubmit', 'dfbf675a-b449-43b5-9392-d624c0b3618d', 'ed43bec2-1f6a-45b7-abd9-a585f021c2ea', 1, 'i', 'test', '2014-08-13 10:46:59.342');
INSERT INTO approle_appgroup (approle_code, appgroup_id, rowidentifier, rowversion, change_action, change_user, change_time) VALUES ('ApplnValidate', 'dfbf675a-b449-43b5-9392-d624c0b3618d', '0566b44f-a680-46bb-9554-308809c02d47', 1, 'i', 'test', '2014-08-13 10:46:59.342');
INSERT INTO approle_appgroup (approle_code, appgroup_id, rowidentifier, rowversion, change_action, change_user, change_time) VALUES ('ApplnWithdraw', 'dfbf675a-b449-43b5-9392-d624c0b3618d', '54d0be50-5dd4-48b9-80e9-a93313fea383', 1, 'i', 'test', '2014-08-13 10:46:59.342');
INSERT INTO approle_appgroup (approle_code, appgroup_id, rowidentifier, rowversion, change_action, change_user, change_time) VALUES ('DashbrdViewAssign', 'dfbf675a-b449-43b5-9392-d624c0b3618d', '9170a79b-724c-4255-95b2-e6e9c322baf0', 1, 'i', 'test', '2014-08-13 10:46:59.342');
INSERT INTO approle_appgroup (approle_code, appgroup_id, rowidentifier, rowversion, change_action, change_user, change_time) VALUES ('DashbrdViewUnassign', 'dfbf675a-b449-43b5-9392-d624c0b3618d', 'cf034b77-052c-4291-9848-7327d68b0299', 1, 'i', 'test', '2014-08-13 10:46:59.342');
INSERT INTO approle_appgroup (approle_code, appgroup_id, rowidentifier, rowversion, change_action, change_user, change_time) VALUES ('TransactionCommit', 'dfbf675a-b449-43b5-9392-d624c0b3618d', '9a98042f-8fd9-456a-a6c6-16f69f3857ec', 1, 'i', 'test', '2014-08-13 10:46:59.342');
INSERT INTO approle_appgroup (approle_code, appgroup_id, rowidentifier, rowversion, change_action, change_user, change_time) VALUES ('SourcePrint', 'dfbf675a-b449-43b5-9392-d624c0b3618d', 'cd6f5ff1-6fd0-4996-b2ad-0a5e2fd1a7e7', 1, 'i', 'test', '2014-08-13 10:46:59.342');
INSERT INTO approle_appgroup (approle_code, appgroup_id, rowidentifier, rowversion, change_action, change_user, change_time) VALUES ('SourceSave', 'dfbf675a-b449-43b5-9392-d624c0b3618d', '758538fc-359d-4a54-8d52-436a79f01821', 1, 'i', 'test', '2014-08-13 10:46:59.342');
INSERT INTO approle_appgroup (approle_code, appgroup_id, rowidentifier, rowversion, change_action, change_user, change_time) VALUES ('SourceSearch', 'dfbf675a-b449-43b5-9392-d624c0b3618d', '6f432f8b-a308-4cd1-842d-a151da52cd52', 1, 'i', 'test', '2014-08-13 10:46:59.342');
INSERT INTO approle_appgroup (approle_code, appgroup_id, rowidentifier, rowversion, change_action, change_user, change_time) VALUES ('ExportMap', 'dfbf675a-b449-43b5-9392-d624c0b3618d', '58e0a0a5-d0cc-4883-ae18-ef4823102c34', 1, 'i', 'test', '2014-08-13 10:46:59.342');
INSERT INTO approle_appgroup (approle_code, appgroup_id, rowidentifier, rowversion, change_action, change_user, change_time) VALUES ('MeasureMap', 'dfbf675a-b449-43b5-9392-d624c0b3618d', '1558ab5f-8f74-4d4f-b5e6-1c6f85505739', 1, 'i', 'test', '2014-08-13 10:46:59.342');
INSERT INTO approle_appgroup (approle_code, appgroup_id, rowidentifier, rowversion, change_action, change_user, change_time) VALUES ('PrintMap', 'dfbf675a-b449-43b5-9392-d624c0b3618d', 'cfae4d10-46bc-4c4e-951d-02cb1c8367d6', 1, 'i', 'test', '2014-08-13 10:46:59.342');
INSERT INTO approle_appgroup (approle_code, appgroup_id, rowidentifier, rowversion, change_action, change_user, change_time) VALUES ('ViewMap', 'dfbf675a-b449-43b5-9392-d624c0b3618d', '41b953c6-73d9-4894-bf68-54019fbc298c', 1, 'i', 'test', '2014-08-13 10:46:59.342');
INSERT INTO approle_appgroup (approle_code, appgroup_id, rowidentifier, rowversion, change_action, change_user, change_time) VALUES ('mapExistingParcel', 'dfbf675a-b449-43b5-9392-d624c0b3618d', '1c239a6c-3ea8-4d21-a545-d865fc4ec5d1', 1, 'i', 'test', '2014-08-13 10:46:59.342');
INSERT INTO approle_appgroup (approle_code, appgroup_id, rowidentifier, rowversion, change_action, change_user, change_time) VALUES ('ParcelSave', 'dfbf675a-b449-43b5-9392-d624c0b3618d', 'c770a2a5-4b89-4730-9d01-7987542747a6', 1, 'i', 'test', '2014-08-13 10:46:59.342');
INSERT INTO approle_appgroup (approle_code, appgroup_id, rowidentifier, rowversion, change_action, change_user, change_time) VALUES ('PartySave', 'dfbf675a-b449-43b5-9392-d624c0b3618d', '318eb28a-0b0a-4507-8237-ae3127553797', 1, 'i', 'test', '2014-08-13 10:46:59.342');
INSERT INTO approle_appgroup (approle_code, appgroup_id, rowidentifier, rowversion, change_action, change_user, change_time) VALUES ('RHSave', 'dfbf675a-b449-43b5-9392-d624c0b3618d', '7dddb723-2ef8-478d-a7af-606eb2801832', 1, 'i', 'test', '2014-08-13 10:46:59.342');
INSERT INTO approle_appgroup (approle_code, appgroup_id, rowidentifier, rowversion, change_action, change_user, change_time) VALUES ('PartySearch', 'dfbf675a-b449-43b5-9392-d624c0b3618d', '1ed3a202-6d43-4ff9-959b-2bbc1ee3758d', 1, 'i', 'test', '2014-08-13 10:46:59.342');
INSERT INTO approle_appgroup (approle_code, appgroup_id, rowidentifier, rowversion, change_action, change_user, change_time) VALUES ('BaUnitNotes', 'dfbf675a-b449-43b5-9392-d624c0b3618d', 'f253284a-d041-4f62-b244-6fc31fde6131', 1, 'i', 'test', '2014-08-13 10:46:59.342');
INSERT INTO approle_appgroup (approle_code, appgroup_id, rowidentifier, rowversion, change_action, change_user, change_time) VALUES ('BaunitTeam', 'dfbf675a-b449-43b5-9392-d624c0b3618d', '20cecea1-f7d4-4514-b139-0aed4350ff6a', 1, 'i', 'test', '2014-08-13 10:46:59.342');
INSERT INTO approle_appgroup (approle_code, appgroup_id, rowidentifier, rowversion, change_action, change_user, change_time) VALUES ('BaunitSave', 'dfbf675a-b449-43b5-9392-d624c0b3618d', 'f02e5628-a725-4a68-a069-e6f21bce74f6', 1, 'i', 'test', '2014-08-13 10:46:59.342');
INSERT INTO approle_appgroup (approle_code, appgroup_id, rowidentifier, rowversion, change_action, change_user, change_time) VALUES ('BaunitCertificate', 'dfbf675a-b449-43b5-9392-d624c0b3618d', 'da9758c3-3fe2-43f4-b977-65de62f53f52', 1, 'i', 'test', '2014-08-13 10:46:59.342');
INSERT INTO approle_appgroup (approle_code, appgroup_id, rowidentifier, rowversion, change_action, change_user, change_time) VALUES ('BaunitSearch', 'dfbf675a-b449-43b5-9392-d624c0b3618d', 'ff1b804e-0851-439d-a6fd-4ee5f4a6e5d0', 1, 'i', 'test', '2014-08-13 10:46:59.342');
INSERT INTO approle_appgroup (approle_code, appgroup_id, rowidentifier, rowversion, change_action, change_user, change_time) VALUES ('ReportGenerate', 'dfbf675a-b449-43b5-9392-d624c0b3618d', 'f2d53619-4b9f-4bfc-bb13-12da4cc11716', 1, 'i', 'test', '2014-08-13 10:46:59.342');
INSERT INTO approle_appgroup (approle_code, appgroup_id, rowidentifier, rowversion, change_action, change_user, change_time) VALUES ('RightsExport', 'dfbf675a-b449-43b5-9392-d624c0b3618d', '1ad0a150-b0f6-4b77-9367-fb0155f9ab9b', 1, 'i', 'test', '2014-08-13 10:46:59.342');
INSERT INTO approle_appgroup (approle_code, appgroup_id, rowidentifier, rowversion, change_action, change_user, change_time) VALUES ('ChangeSecClass', 'dfbf675a-b449-43b5-9392-d624c0b3618d', 'aff44674-1221-491d-b678-d762a50cd151', 1, 'i', 'test', '2014-08-13 10:46:59.342');
INSERT INTO approle_appgroup (approle_code, appgroup_id, rowidentifier, rowversion, change_action, change_user, change_time) VALUES ('03SEC_Confidential', 'dfbf675a-b449-43b5-9392-d624c0b3618d', 'b33ae566-4257-496a-a23e-45124e2ae814', 1, 'i', 'test', '2014-08-13 10:46:59.342');
INSERT INTO approle_appgroup (approle_code, appgroup_id, rowidentifier, rowversion, change_action, change_user, change_time) VALUES ('10SEC_SuppressOrd', 'dfbf675a-b449-43b5-9392-d624c0b3618d', 'ba414712-ec6b-4d52-a423-d57b1f9222db', 1, 'i', 'test', '2014-08-13 10:46:59.342');
INSERT INTO approle_appgroup (approle_code, appgroup_id, rowidentifier, rowversion, change_action, change_user, change_time) VALUES ('cadastrePrint', 'dfbf675a-b449-43b5-9392-d624c0b3618d', '31148310-56f6-4bf4-9c11-ee72e8010c88', 1, 'i', 'test', '2014-08-13 10:46:59.342');
INSERT INTO approle_appgroup (approle_code, appgroup_id, rowidentifier, rowversion, change_action, change_user, change_time) VALUES ('cnclPowerOfAttorney', 'dfbf675a-b449-43b5-9392-d624c0b3618d', 'b4be5a25-50f9-49c6-8115-b28e19132ed2', 1, 'i', 'test', '2014-08-13 10:46:59.342');
INSERT INTO approle_appgroup (approle_code, appgroup_id, rowidentifier, rowversion, change_action, change_user, change_time) VALUES ('cancelProperty', 'dfbf675a-b449-43b5-9392-d624c0b3618d', 'c7cbd80b-0747-41a0-91e6-861c4c4a9f45', 1, 'i', 'test', '2014-08-13 10:46:59.342');
INSERT INTO approle_appgroup (approle_code, appgroup_id, rowidentifier, rowversion, change_action, change_user, change_time) VALUES ('newOwnership', 'dfbf675a-b449-43b5-9392-d624c0b3618d', '8bbb5d7c-47a8-4c4f-98a3-04dceac4e48c', 1, 'i', 'test', '2014-08-13 10:46:59.342');
INSERT INTO approle_appgroup (approle_code, appgroup_id, rowidentifier, rowversion, change_action, change_user, change_time) VALUES ('cadastreChange', 'dfbf675a-b449-43b5-9392-d624c0b3618d', '2b5e9d1f-fd2b-419c-b18e-e6b1120c77ef', 1, 'i', 'test', '2014-08-13 10:46:59.342');
INSERT INTO approle_appgroup (approle_code, appgroup_id, rowidentifier, rowversion, change_action, change_user, change_time) VALUES ('newDigitalTitle', 'dfbf675a-b449-43b5-9392-d624c0b3618d', 'f7cde6f1-18ea-4c63-905b-5deec8455800', 1, 'i', 'test', '2014-08-13 10:46:59.342');
INSERT INTO approle_appgroup (approle_code, appgroup_id, rowidentifier, rowversion, change_action, change_user, change_time) VALUES ('newFreehold', 'dfbf675a-b449-43b5-9392-d624c0b3618d', '41e2f225-e838-420a-aadf-527bcbb97d75', 1, 'i', 'test', '2014-08-13 10:46:59.342');
INSERT INTO approle_appgroup (approle_code, appgroup_id, rowidentifier, rowversion, change_action, change_user, change_time) VALUES ('documentCopy', 'dfbf675a-b449-43b5-9392-d624c0b3618d', 'f5ac3722-eda3-4caa-aac4-9b3768a091f8', 1, 'i', 'test', '2014-08-13 10:46:59.342');
INSERT INTO approle_appgroup (approle_code, appgroup_id, rowidentifier, rowversion, change_action, change_user, change_time) VALUES ('lodgeObjection', 'dfbf675a-b449-43b5-9392-d624c0b3618d', '8bccba94-16e9-422a-b9e8-c4a8ed71a53a', 1, 'i', 'test', '2014-08-13 10:46:59.342');
INSERT INTO approle_appgroup (approle_code, appgroup_id, rowidentifier, rowversion, change_action, change_user, change_time) VALUES ('newApartment', 'dfbf675a-b449-43b5-9392-d624c0b3618d', '8f520ca0-42db-4b9c-924d-99dc3cd8c332', 1, 'i', 'test', '2014-08-13 10:46:59.342');
INSERT INTO approle_appgroup (approle_code, appgroup_id, rowidentifier, rowversion, change_action, change_user, change_time) VALUES ('recordStateLand', 'dfbf675a-b449-43b5-9392-d624c0b3618d', '0d483706-6d8e-42f7-9496-3f5785ac85a3', 1, 'i', 'test', '2014-08-13 10:46:59.342');
INSERT INTO approle_appgroup (approle_code, appgroup_id, rowidentifier, rowversion, change_action, change_user, change_time) VALUES ('redefineCadastre', 'dfbf675a-b449-43b5-9392-d624c0b3618d', 'abcd81ec-6a64-4373-867c-4bea2a183264', 1, 'i', 'test', '2014-08-13 10:46:59.342');
INSERT INTO approle_appgroup (approle_code, appgroup_id, rowidentifier, rowversion, change_action, change_user, change_time) VALUES ('buildingRestriction', 'dfbf675a-b449-43b5-9392-d624c0b3618d', '2e4f5480-f70c-41ca-9530-60e699a639cc', 1, 'i', 'test', '2014-08-13 10:46:59.342');
INSERT INTO approle_appgroup (approle_code, appgroup_id, rowidentifier, rowversion, change_action, change_user, change_time) VALUES ('caveat', 'dfbf675a-b449-43b5-9392-d624c0b3618d', '402a8ded-3b33-47e6-be4c-0cf5645ee78b', 1, 'i', 'test', '2014-08-13 10:46:59.342');
INSERT INTO approle_appgroup (approle_code, appgroup_id, rowidentifier, rowversion, change_action, change_user, change_time) VALUES ('historicOrder', 'dfbf675a-b449-43b5-9392-d624c0b3618d', 'f333c545-2acb-4d8c-9c7b-14530bf99e05', 1, 'i', 'test', '2014-08-13 10:46:59.342');
INSERT INTO approle_appgroup (approle_code, appgroup_id, rowidentifier, rowversion, change_action, change_user, change_time) VALUES ('registerLease', 'dfbf675a-b449-43b5-9392-d624c0b3618d', 'f8d00fbd-3e29-40d6-a565-d309a0df4cd8', 1, 'i', 'test', '2014-08-13 10:46:59.342');
INSERT INTO approle_appgroup (approle_code, appgroup_id, rowidentifier, rowversion, change_action, change_user, change_time) VALUES ('limtedRoadAccess', 'dfbf675a-b449-43b5-9392-d624c0b3618d', '60a8a596-9ede-4464-8282-d236d40f46da', 1, 'i', 'test', '2014-08-13 10:46:59.342');
INSERT INTO approle_appgroup (approle_code, appgroup_id, rowidentifier, rowversion, change_action, change_user, change_time) VALUES ('mortgage', 'dfbf675a-b449-43b5-9392-d624c0b3618d', 'bacefb5c-c158-4164-84de-56fda151678a', 1, 'i', 'test', '2014-08-13 10:46:59.342');
INSERT INTO approle_appgroup (approle_code, appgroup_id, rowidentifier, rowversion, change_action, change_user, change_time) VALUES ('servitude', 'dfbf675a-b449-43b5-9392-d624c0b3618d', 'c22e40b6-3b25-4f2f-a343-741caa6bdc3f', 1, 'i', 'test', '2014-08-13 10:46:59.342');
INSERT INTO approle_appgroup (approle_code, appgroup_id, rowidentifier, rowversion, change_action, change_user, change_time) VALUES ('regnPowerOfAttorney', 'dfbf675a-b449-43b5-9392-d624c0b3618d', '80cf85e2-afa1-40e1-97b2-dc492653dca2', 1, 'i', 'test', '2014-08-13 10:46:59.342');
INSERT INTO approle_appgroup (approle_code, appgroup_id, rowidentifier, rowversion, change_action, change_user, change_time) VALUES ('regnStandardDocument', 'dfbf675a-b449-43b5-9392-d624c0b3618d', '5e9a3cc6-0b2b-48de-b5c2-fe73f364da29', 1, 'i', 'test', '2014-08-13 10:46:59.342');
INSERT INTO approle_appgroup (approle_code, appgroup_id, rowidentifier, rowversion, change_action, change_user, change_time) VALUES ('regnOnTitle', 'dfbf675a-b449-43b5-9392-d624c0b3618d', '925a3d7c-5390-4146-b323-13e169db3344', 1, 'i', 'test', '2014-08-13 10:46:59.342');
INSERT INTO approle_appgroup (approle_code, appgroup_id, rowidentifier, rowversion, change_action, change_user, change_time) VALUES ('removeCaveat', 'dfbf675a-b449-43b5-9392-d624c0b3618d', '4d1fd47e-228c-41d1-b809-283721209142', 1, 'i', 'test', '2014-08-13 10:46:59.342');
INSERT INTO approle_appgroup (approle_code, appgroup_id, rowidentifier, rowversion, change_action, change_user, change_time) VALUES ('removeRestriction', 'dfbf675a-b449-43b5-9392-d624c0b3618d', 'd479dc62-7f72-4ca1-90ce-d87f55602a1a', 1, 'i', 'test', '2014-08-13 10:46:59.342');
INSERT INTO approle_appgroup (approle_code, appgroup_id, rowidentifier, rowversion, change_action, change_user, change_time) VALUES ('removeRight', 'dfbf675a-b449-43b5-9392-d624c0b3618d', '4a996a76-39d5-47e7-b676-821ce69efe06', 1, 'i', 'test', '2014-08-13 10:46:59.342');
INSERT INTO approle_appgroup (approle_code, appgroup_id, rowidentifier, rowversion, change_action, change_user, change_time) VALUES ('serviceEnquiry', 'dfbf675a-b449-43b5-9392-d624c0b3618d', '8f84755c-1c6e-4f61-9597-f4957eb1fea3', 1, 'i', 'test', '2014-08-13 10:46:59.342');
INSERT INTO approle_appgroup (approle_code, appgroup_id, rowidentifier, rowversion, change_action, change_user, change_time) VALUES ('surveyPlanCopy', 'dfbf675a-b449-43b5-9392-d624c0b3618d', '46058e98-8a2c-4fdd-9c7a-53787f3d0e87', 1, 'i', 'test', '2014-08-13 10:46:59.342');
INSERT INTO approle_appgroup (approle_code, appgroup_id, rowidentifier, rowversion, change_action, change_user, change_time) VALUES ('systematicRegn', 'dfbf675a-b449-43b5-9392-d624c0b3618d', 'b801ffc0-3d5a-4c5c-9a07-2259dbcd0a2a', 1, 'i', 'test', '2014-08-13 10:46:59.342');
INSERT INTO approle_appgroup (approle_code, appgroup_id, rowidentifier, rowversion, change_action, change_user, change_time) VALUES ('titleSearch', 'dfbf675a-b449-43b5-9392-d624c0b3618d', '23a254c6-3772-408a-850e-e0cff2b53ba4', 1, 'i', 'test', '2014-08-13 10:46:59.342');
INSERT INTO approle_appgroup (approle_code, appgroup_id, rowidentifier, rowversion, change_action, change_user, change_time) VALUES ('varyCaveat', 'dfbf675a-b449-43b5-9392-d624c0b3618d', '28c62798-e50a-4a6b-afbb-8a5e30a01de0', 1, 'i', 'test', '2014-08-13 10:46:59.342');
INSERT INTO approle_appgroup (approle_code, appgroup_id, rowidentifier, rowversion, change_action, change_user, change_time) VALUES ('varyLease', 'dfbf675a-b449-43b5-9392-d624c0b3618d', '7ad837fe-8477-460b-bc86-6bef66158f17', 1, 'i', 'test', '2014-08-13 10:46:59.342');
INSERT INTO approle_appgroup (approle_code, appgroup_id, rowidentifier, rowversion, change_action, change_user, change_time) VALUES ('varyMortgage', 'dfbf675a-b449-43b5-9392-d624c0b3618d', 'f6d3699d-ca5a-4041-9362-b2d4c01bd028', 1, 'i', 'test', '2014-08-13 10:46:59.342');
INSERT INTO approle_appgroup (approle_code, appgroup_id, rowidentifier, rowversion, change_action, change_user, change_time) VALUES ('varyRight', 'dfbf675a-b449-43b5-9392-d624c0b3618d', 'cab2cd60-ab26-416a-b8a4-d43acc08df11', 1, 'i', 'test', '2014-08-13 10:46:59.342');
INSERT INTO approle_appgroup (approle_code, appgroup_id, rowidentifier, rowversion, change_action, change_user, change_time) VALUES ('cnclStandardDocument', 'dfbf675a-b449-43b5-9392-d624c0b3618d', 'b670155b-0af6-4b6a-aa9a-e5a04d8800b5', 1, 'i', 'test', '2014-08-13 10:46:59.342');
INSERT INTO approle_appgroup (approle_code, appgroup_id, rowidentifier, rowversion, change_action, change_user, change_time) VALUES ('CancelService', 'dfbf675a-b449-43b5-9392-d624c0b3618d', 'c9f1529d-f069-4f2a-b001-d4780dc4f078', 1, 'i', 'test', '2014-08-13 10:46:59.342');
INSERT INTO approle_appgroup (approle_code, appgroup_id, rowidentifier, rowversion, change_action, change_user, change_time) VALUES ('CompleteService', 'dfbf675a-b449-43b5-9392-d624c0b3618d', 'eb06678d-4915-40d3-af13-e2ccc1e83262', 1, 'i', 'test', '2014-08-13 10:46:59.342');
INSERT INTO approle_appgroup (approle_code, appgroup_id, rowidentifier, rowversion, change_action, change_user, change_time) VALUES ('RevertService', 'dfbf675a-b449-43b5-9392-d624c0b3618d', '3e3cf76a-93c2-4033-a70a-76d3e8e921cd', 1, 'i', 'test', '2014-08-13 10:46:59.342');
INSERT INTO approle_appgroup (approle_code, appgroup_id, rowidentifier, rowversion, change_action, change_user, change_time) VALUES ('StartService', 'dfbf675a-b449-43b5-9392-d624c0b3618d', 'af84a624-9fa9-4dde-bcf1-68809e0c04cb', 1, 'i', 'test', '2014-08-13 10:46:59.342');
INSERT INTO approle_appgroup (approle_code, appgroup_id, rowidentifier, rowversion, change_action, change_user, change_time) VALUES ('changeSLParcels', 'super-group-id', 'aa738934-2dc5-11e4-8d98-1f7030d3eb16', 1, 'i', 'db:postgres', '2014-08-27 20:39:31.825');
INSERT INTO approle_appgroup (approle_code, appgroup_id, rowidentifier, rowversion, change_action, change_user, change_time) VALUES ('maintainStateLand', 'super-group-id', '28279380-3e14-11e4-8c97-0359e7b19e0a', 1, 'i', 'db:postgres', '2014-09-17 14:41:42.072');
INSERT INTO approle_appgroup (approle_code, appgroup_id, rowidentifier, rowversion, change_action, change_user, change_time) VALUES ('cancelInterest', 'super-group-id', '2828cc0a-3e14-11e4-88c8-13133815a6f5', 1, 'i', 'db:postgres', '2014-09-17 14:41:42.072');
INSERT INTO approle_appgroup (approle_code, appgroup_id, rowidentifier, rowversion, change_action, change_user, change_time) VALUES ('checklist', 'super-group-id', 'e8e37240-4ebf-11e4-9f2c-cfc0ffa96763', 1, 'i', 'db:postgres', '2014-10-08 20:51:27.967');
INSERT INTO approle_appgroup (approle_code, appgroup_id, rowidentifier, rowversion, change_action, change_user, change_time) VALUES ('disposeSLProperty', 'super-group-id', 'e69325de-5aff-11e4-bcd0-c7e266538315', 1, 'i', 'db:postgres', '2014-10-24 10:59:45.909');
INSERT INTO approle_appgroup (approle_code, appgroup_id, rowidentifier, rowversion, change_action, change_user, change_time) VALUES ('publicDisplayMap', 'super-group-id', 'a015468c-5ee7-11e4-beae-6b5437471e26', 1, 'i', 'db:postgres', '2014-10-29 10:16:04.284');
INSERT INTO approle_appgroup (approle_code, appgroup_id, rowidentifier, rowversion, change_action, change_user, change_time) VALUES ('publicDisplay', 'super-group-id', 'a01dd22a-5ee7-11e4-810d-c7d714b5f315', 1, 'i', 'db:postgres', '2014-10-29 10:16:04.284');
INSERT INTO approle_appgroup (approle_code, appgroup_id, rowidentifier, rowversion, change_action, change_user, change_time) VALUES ('slObjection', 'super-group-id', '404ff6b0-6b68-11e4-a7ed-a3bb808b39fc', 1, 'i', 'db:postgres', '2014-11-14 08:07:02.632');
INSERT INTO approle_appgroup (approle_code, appgroup_id, rowidentifier, rowversion, change_action, change_user, change_time) VALUES ('ObjectionCommentEdit', 'super-group-id', '4053a044-6b68-11e4-abb1-af14773f35b1', 1, 'i', 'db:postgres', '2014-11-14 08:07:02.632');
INSERT INTO approle_appgroup (approle_code, appgroup_id, rowidentifier, rowversion, change_action, change_user, change_time) VALUES ('slNotify', 'super-group-id', '40b21552-6b68-11e4-827d-73416905ee00', 1, 'i', 'db:postgres', '2014-11-14 08:07:02.632');
INSERT INTO approle_appgroup (approle_code, appgroup_id, rowidentifier, rowversion, change_action, change_user, change_time) VALUES ('slValuation', 'super-group-id', '7158b518-7f67-11e4-b593-6f353932b322', 1, 'i', 'db:postgres', '2014-12-09 18:51:38.636');
INSERT INTO approle_appgroup (approle_code, appgroup_id, rowidentifier, rowversion, change_action, change_user, change_time) VALUES ('slNegotiate', 'super-group-id', '71819a6e-7f67-11e4-8afc-9f1ae3a63ee0', 1, 'i', 'db:postgres', '2014-12-09 18:51:38.636');
INSERT INTO approle_appgroup (approle_code, appgroup_id, rowidentifier, rowversion, change_action, change_user, change_time) VALUES ('slLeaseCancel', 'super-group-id', '7263b420-b893-11e4-ad3c-df88773b864a', 1, 'i', 'db:postgres', '2015-02-20 13:00:14.642');
INSERT INTO approle_appgroup (approle_code, appgroup_id, rowidentifier, rowversion, change_action, change_user, change_time) VALUES ('slLease', 'super-group-id', '7267abca-b893-11e4-98a5-23559f314364', 1, 'i', 'db:postgres', '2015-02-20 13:00:14.642');
INSERT INTO approle_appgroup (approle_code, appgroup_id, rowidentifier, rowversion, change_action, change_user, change_time) VALUES ('slLicense', 'super-group-id', '7267f9ea-b893-11e4-b977-4f9bdfd49b18', 1, 'i', 'db:postgres', '2015-02-20 13:00:14.642');
INSERT INTO approle_appgroup (approle_code, appgroup_id, rowidentifier, rowversion, change_action, change_user, change_time) VALUES ('slLeaseChange', 'super-group-id', '72689634-b893-11e4-914f-f7b9d7fadae2', 1, 'i', 'db:postgres', '2015-02-20 13:00:14.642');
INSERT INTO approle_appgroup (approle_code, appgroup_id, rowidentifier, rowversion, change_action, change_user, change_time) VALUES ('slLicenseChange', 'super-group-id', '7268e454-b893-11e4-a597-9f7369789eeb', 1, 'i', 'db:postgres', '2015-02-20 13:00:14.642');
INSERT INTO approle_appgroup (approle_code, appgroup_id, rowidentifier, rowversion, change_action, change_user, change_time) VALUES ('slLicenseCancel', 'super-group-id', '72695984-b893-11e4-bfde-731b6e72edca', 1, 'i', 'db:postgres', '2015-02-20 13:00:14.642');
INSERT INTO approle_appgroup (approle_code, appgroup_id, rowidentifier, rowversion, change_action, change_user, change_time) VALUES ('slInterest', 'super-group-id', '7269ceb4-b893-11e4-bd1c-77740c02d657', 1, 'i', 'db:postgres', '2015-02-20 13:00:14.642');
INSERT INTO approle_appgroup (approle_code, appgroup_id, rowidentifier, rowversion, change_action, change_user, change_time) VALUES ('slInterestChange', 'super-group-id', '726a1cd4-b893-11e4-89a0-c72e912b87f4', 1, 'i', 'db:postgres', '2015-02-20 13:00:14.642');
INSERT INTO approle_appgroup (approle_code, appgroup_id, rowidentifier, rowversion, change_action, change_user, change_time) VALUES ('slClaim', 'super-group-id', '726a9204-b893-11e4-aa33-6f9d4945960e', 1, 'i', 'db:postgres', '2015-02-20 13:00:14.642');
INSERT INTO approle_appgroup (approle_code, appgroup_id, rowidentifier, rowversion, change_action, change_user, change_time) VALUES ('slClaimChange', 'super-group-id', '726ae02e-b893-11e4-ab87-732b623bec8b', 1, 'i', 'db:postgres', '2015-02-20 13:00:14.642');
INSERT INTO approle_appgroup (approle_code, appgroup_id, rowidentifier, rowversion, change_action, change_user, change_time) VALUES ('slClaimCancel', 'super-group-id', '726b2e4e-b893-11e4-979e-c7ff0fecd846', 1, 'i', 'db:postgres', '2015-02-20 13:00:14.642');


ALTER TABLE approle_appgroup ENABLE TRIGGER ALL;

--
-- Data for Name: appuser; Type: TABLE DATA; Schema: system; Owner: postgres
--

ALTER TABLE appuser DISABLE TRIGGER ALL;

INSERT INTO appuser (id, username, first_name, last_name, email, mobile_number, activation_code, passwd, active, description, rowidentifier, rowversion, change_action, change_user, change_time, activation_expiration) VALUES ('test-id', 'test', 'Test', 'The BOSS', 'test@simple.com', NULL, NULL, '9f86d081884c7d659a2feaa0c55ad015a3bf4f1b2b0b822cd15d6c15b0f00a08', true, NULL, 'be17a2c6-99dd-11e3-ba2b-af4cac70daca', 1, 'i', 'test', '2014-02-20 16:19:00.722', NULL);
INSERT INTO appuser (id, username, first_name, last_name, email, mobile_number, activation_code, passwd, active, description, rowidentifier, rowversion, change_action, change_user, change_time, activation_expiration) VALUES ('e21f7c3d-bb02-4a15-94f3-d076861bf343', 'demo', 'demo', 'demo', 'demo@demo.com', '2222222', '12345', '2a97516c354b68848cdbd8f54a226a0a55b21ed138e207ad6c5cbb9c00aa5aea', true, '', '07cbee47-f0ae-46f1-bb72-199abfbf41b3', 3, 'u', 'ANONYMOUS', '2014-04-25 18:34:22.751', NULL);
INSERT INTO appuser (id, username, first_name, last_name, email, mobile_number, activation_code, passwd, active, description, rowidentifier, rowversion, change_action, change_user, change_time, activation_expiration) VALUES ('4fb13ede-0b61-444e-8066-d308da13925b', 'public', 'Joe', 'Public', NULL, NULL, NULL, 'efa1f375d76194fa51a3556a97e641e61685f914d446979da50a551a4333ffd7', true, 'User representing the public with access to unrestricted records only. ', '0a9c3d58-0779-4242-bbd0-eb2039da1b23', 6, 'u', 'public', '2014-08-13 11:29:17.086', NULL);
INSERT INTO appuser (id, username, first_name, last_name, email, mobile_number, activation_code, passwd, active, description, rowidentifier, rowversion, change_action, change_user, change_time, activation_expiration) VALUES ('b771e66a-7aee-4a6f-afc2-652868169a46', 'staff', 'Ethan', 'Smith', NULL, NULL, NULL, '1562206543da764123c21bd524674f0a8aaf49c8a89744c97352fe677f7e4006', true, 'User representing Staff with Confidential security access. ', 'ba444617-f261-4d97-990b-d9ab7e581089', 4, 'u', 'staff', '2014-08-13 11:42:50.222', NULL);


ALTER TABLE appuser ENABLE TRIGGER ALL;

--
-- Data for Name: appuser_appgroup; Type: TABLE DATA; Schema: system; Owner: postgres
--

ALTER TABLE appuser_appgroup DISABLE TRIGGER ALL;

INSERT INTO appuser_appgroup (appuser_id, appgroup_id, rowidentifier, rowversion, change_action, change_user, change_time) VALUES ('test-id', 'super-group-id', 'be56cf8c-99dd-11e3-ac27-0343410f6672', 1, 'i', 'db:postgres', '2014-02-20 16:19:01.139');
INSERT INTO appuser_appgroup (appuser_id, appgroup_id, rowidentifier, rowversion, change_action, change_user, change_time) VALUES ('4fb13ede-0b61-444e-8066-d308da13925b', 'dc14b732-b9c9-48fd-b6c9-af913f7ad4e5', '29bb15fa-a0b8-4b5f-9458-7185f38f9254', 1, 'i', 'test', '2014-08-13 10:49:36.962');
INSERT INTO appuser_appgroup (appuser_id, appgroup_id, rowidentifier, rowversion, change_action, change_user, change_time) VALUES ('b771e66a-7aee-4a6f-afc2-652868169a46', 'dfbf675a-b449-43b5-9392-d624c0b3618d', 'cd207417-9136-4b09-afb0-099beeb6570e', 1, 'i', 'test', '2014-08-13 10:50:25.33');


ALTER TABLE appuser_appgroup ENABLE TRIGGER ALL;

--
-- Data for Name: appuser_setting; Type: TABLE DATA; Schema: system; Owner: postgres
--

ALTER TABLE appuser_setting DISABLE TRIGGER ALL;



ALTER TABLE appuser_setting ENABLE TRIGGER ALL;

--
-- Data for Name: appuser_team; Type: TABLE DATA; Schema: system; Owner: postgres
--

ALTER TABLE appuser_team DISABLE TRIGGER ALL;

INSERT INTO appuser_team (appuser_id, party_id, rowidentifier, rowversion, change_action, change_user, change_time) VALUES ('test-id', 'sl_party_1', '42b04118-1c3e-11e4-bc82-ef10ec0cf16c', 1, 'i', 'db:postgres', '2014-08-05 13:17:26.022');
INSERT INTO appuser_team (appuser_id, party_id, rowidentifier, rowversion, change_action, change_user, change_time) VALUES ('e21f7c3d-bb02-4a15-94f3-d076861bf343', 'sl_party_1', '42b0b652-1c3e-11e4-b47d-7ffdf6685556', 1, 'i', 'db:postgres', '2014-08-05 13:17:26.022');
INSERT INTO appuser_team (appuser_id, party_id, rowidentifier, rowversion, change_action, change_user, change_time) VALUES ('test-id', 'sl_party_2', '42b215e2-1c3e-11e4-9472-8fdf58363aa5', 1, 'i', 'db:postgres', '2014-08-05 13:17:26.022');
INSERT INTO appuser_team (appuser_id, party_id, rowidentifier, rowversion, change_action, change_user, change_time) VALUES ('e21f7c3d-bb02-4a15-94f3-d076861bf343', 'sl_party_2', '42b23cf2-1c3e-11e4-9d83-0b9e907bee00', 1, 'i', 'db:postgres', '2014-08-05 13:17:26.022');
INSERT INTO appuser_team (appuser_id, party_id, rowidentifier, rowversion, change_action, change_user, change_time) VALUES ('b771e66a-7aee-4a6f-afc2-652868169a46', 'sl_party_1', 'a1f5aa20-e111-4d82-9ade-da53c48278c4', 1, 'i', 'test', '2014-08-13 10:50:25.33');
INSERT INTO appuser_team (appuser_id, party_id, rowidentifier, rowversion, change_action, change_user, change_time) VALUES ('b771e66a-7aee-4a6f-afc2-652868169a46', 'sl_party_2', 'e6d24e77-c964-4ff7-a73e-eb3e2991bc20', 1, 'i', 'test', '2014-08-13 10:50:25.33');


ALTER TABLE appuser_team ENABLE TRIGGER ALL;

--
-- PostgreSQL database dump complete
--

